키워드,남성(%),여성(%),연령대별 특성,12세 이하(%),13~19세(%),20~24세(%),25~29세(%),30~39세(%),40~49세(%),50세 이상(%),2021-11,2021-12,2022-01,2022-02,2022-03,2022-04,2022-05,2022-06,2022-07,2022-08,2022-09,2022-10,2022-11,2022-12,2023-01,2023-02,2023-03,2023-04,2023-05,2023-06,2023-07,2023-08,2023-09,2023-10,2023-11,2023-12,2024-01,2024-02,2024-03,2024-04,2024-05,2024-06,2024-07,2024-08,2024-09,2024-10,2024-11,2024-12,2025-01,2025-02,2025-03,2025-04,2025-05,2025-06,2025-07,2025-08,2025-09,2025-10
도미노피자,38.16,61.83,,0.04,1.94,4.81,10.69,31.47,32.45,18.57,1086800,1905900,1442000,1521400,1516300,1290400,1121700,1072300,1167300,1321200,1016200,1212800,1162900,1579400,1376900,1119900,1118200,1071100,1039400,1077700,1220400,1178100,940700,1100100,878800,1227900,1071700,1006100,979300,864600,1012600,918100,906200,1021000,839200,911800,865300,1088300,984500,799500,829300,828000,853100,798400,956500,5367700,2193000,841300
맥도날드,40.64,59.35,,0.22,8.76,11.37,13.42,31.43,25.95,8.82,865300,909800,984200,881200,962600,914700,993800,1008900,1045400,1105700,1031000,1153900,867500,1021000,1017000,935200,994100,886800,976000,977400,1154200,1036400,949300,890500,862500,977500,1075400,998300,919800,1147200,975200,1072200,1067300,992600,1011000,1108600,815300,865600,1030700,770700,901400,935500,935800,956400,1144300,999800,888700,921900
롯데리아,41.3,58.69,,0.26,10.19,11.79,12.13,25.62,27.65,12.33,522900,630600,582500,545900,597500,540200,585500,580200,674700,656200,607700,656600,561400,582200,613400,648600,869800,671400,634700,612700,692400,745600,623600,557600,507200,607400,596200,586500,616400,577200,630000,673200,682500,716000,668900,631400,541200,645200,810900,627300,652000,601000,708300,666200,700900,826100,601200,601200
맘스터치,41.01,58.98,,0.19,12.08,13.21,12.83,23.6,26.6,11.46,677900,735900,858900,725100,764600,780100,1008400,907400,799900,800200,767700,751100,807100,707800,710600,630700,699800,635900,679700,667100,659000,642600,587300,652200,670000,602100,584500,557500,600100,707800,625100,592000,634500,664900,681800,623800,537400,558300,616700,761300,738700,699300,660700,612700,669200,651700,675800,689100
버거킹,46.48,53.51,,0.12,7.24,10.35,11.86,26.83,29.8,13.76,763400,845000,923700,831500,959600,869400,878700,846600,915100,883700,782100,803200,792100,817600,836600,723900,725900,678400,739100,734400,713700,698700,654800,612300,571800,626100,605700,606300,593900,925800,601800,565800,586100,621500,610300,568100,516000,536400,562700,465400,541700,669500,636300,611400,759000,684400,579200,613600
교촌치킨,44.09,55.9,,0.07,3.69,6.52,8.97,23.6,34.48,22.63,886500,1048800,955400,899900,956400,826200,835400,823500,984200,945000,771700,795500,1150400,1073800,835700,733900,912500,771700,761400,609100,636500,595800,541900,592700,571900,663400,613700,605600,563000,536500,590200,553600,629900,626200,551400,555500,576200,635600,647800,504500,551200,537900,600900,540800,624200,621000,540700,571000
명륜진사갈비,45.29,54.7,,0.16,10.07,9.68,10.11,22.76,31.35,15.83,360500,265000,248800,194910,258200,290700,382300,343500,371200,350900,287000,334800,326400,496700,510000,552000,648100,855900,936400,750100,894500,810300,758600,769200,730500,863900,784000,787800,822900,775400,1097800,882100,731000,792000,674200,624000,567800,627700,654000,484300,547200,479600,687300,593700,598700,693100,500300,485600
마라탕,22.21,77.78,13~19세,0.73,25.55,20.12,11.44,15.95,20.01,6.18,729100,695300,808100,677600,699300,722900,752500,887100,1035800,1040700,938800,863000,712800,708800,834400,689800,638800,694000,728200,624600,631300,621900,627500,547300,495200,512400,586800,520600,628500,1062500,1252200,1754100,2079800,1473700,511700,488400,451600,446800,538000,451200,417200,401000,410300,399400,419400,426200,403200,436200
치킨,52.64,47.35,,0.25,5.77,8.18,9.93,23.64,34.54,17.65,499100,528500,523100,517300,531000,539100,564600,571700,626000,701500,497000,510200,610600,496500,496300,437100,467900,481400,517000,470500,522400,501900,456100,473500,420400,481500,474100,443300,427600,454400,509300,1133700,1321700,1013100,422000,408000,384400,383900,393900,323600,377000,371300,417100,401500,436200,407400,368700,412900
kfc,47.95,52.04,,0.16,9.17,11.66,13.56,27.01,28.23,10.19,308600,332800,348600,326100,343100,306300,318900,307100,351800,346000,319400,330700,344000,308700,323000,297100,377300,337400,328800,293500,336900,314300,325900,357800,309500,316500,344100,327800,317300,368500,332600,325800,337100,332900,345700,306000,311300,310000,378000,330100,351300,379100,352500,334600,388000,361300,392100,456200
bhc 치킨,36.5,63.49,40~49세,0.11,6.09,6.73,7.05,17.19,39.48,23.31,566400,707700,541800,511200,521900,465600,487200,462900,550400,525800,443400,491400,621400,640300,560400,468400,460400,465400,461600,401000,451000,456600,395300,433100,408100,484200,368900,324700,298400,275500,304800,282000,318100,318600,282800,405500,302000,330000,341800,270200,351400,308100,355900,313700,366500,394300,314900,328500
맥도날드 메뉴,39.14,60.85,,0.21,6.22,9.33,13.77,30.54,25.58,14.32,325000,388300,453900,426300,414900,367500,381800,402000,456600,467500,398500,370400,302300,356400,378900,336500,361500,329700,348500,342500,413000,388800,327000,311700,297000,325800,349800,354300,336200,313900,339600,345800,370600,376600,334800,318300,272700,299000,351300,279800,318800,318400,338900,346000,385100,377400,317000,322800
중국집,63.27,36.72,40~49세,0.05,3.84,6.95,9.57,25.06,36.32,18.18,272300,278000,285300,287500,302500,286600,319000,312200,338200,355100,334200,358900,322400,337100,374800,331000,332300,325500,361200,341000,361300,369400,356800,358500,311600,341500,326300,388200,350200,325300,350300,337700,344300,369900,373100,335100,313700,306300,349500,300400,325100,298400,328900,310100,308600,331100,282800,352600
굽네치킨,45.32,54.67,,0.08,4.61,8.04,10.22,23.58,30.89,22.55,513600,609500,650300,545600,586300,461800,455600,453300,588900,521100,397600,453800,583000,522800,570500,573700,405100,365900,475600,444000,461800,504000,406000,449200,409900,443700,461900,410600,452700,350300,318500,310700,348700,355500,311300,322900,351500,382700,319000,268200,285400,254300,284100,268900,386200,354200,301700,303800
엽기떡볶이,24.53,75.46,,0.36,18.93,16.04,13.96,20.4,21.59,8.68,189300,202700,219700,213370,219000,186200,182690,193300,232900,236000,215800,259700,259600,250500,254800,228600,233000,217900,236100,224000,413900,379100,314700,299000,257600,279700,354500,308100,281700,266900,255200,228700,270100,263400,269200,253200,654700,253000,281400,235700,242600,233400,302700,253100,292800,299400,280300,326900
마라탕 먹방,7.71,92.28,"12세 이하, 13~19세",18,19.42,6.57,4.28,16,32.28,3.42,550250,550190,673210,673210,550230,550320,550350,673380,823470,1000510,673510,673680,550630,550620,673540,550530,368610,450770,450690,368860,450860,301710,246760,246680,165680,301670,368820,301820,246670,201790,165700,201850,201920,202150,202040,247130,247150,247180,451180,368980,302020,301940,301990,247060,302380,302340,247280,247200
피자스쿨,44.88,55.11,,0.09,9.13,13.33,15.81,25.4,24.04,12.16,353900,395200,380800,382600,415800,353400,362300,394100,433900,426300,356200,391200,389600,400000,371700,328200,329100,328900,363200,341500,343900,340900,301600,325300,303600,360200,321300,305300,297300,281300,295200,276100,282200,281200,263300,278400,280300,341800,311300,261300,281500,273600,295500,287300,297100,320100,279100,313200
bhc,40.53,59.46,,0.37,15.86,15.8,13.65,23.14,23.42,7.73,515200,629300,465000,448300,477400,406500,423800,390800,461000,466100,403200,419400,499900,499700,462400,382100,388500,396500,403200,361500,407500,422900,375200,383000,385200,428800,331800,314100,287400,272200,291100,274100,289700,281500,245600,393400,268300,280400,300500,231600,303600,275800,337000,285400,309000,321400,281900,292900
피자헛,42.12,57.87,40~49세,0.06,2.35,4.3,8.31,27.71,37.07,20.17,389600,816200,635100,542700,1464100,494600,430400,432000,522800,487300,438900,411500,461500,591200,473200,349700,386600,547700,467100,381500,409400,406600,308300,393600,434000,509900,399600,360600,357100,331900,371400,357500,478400,314400,274400,260800,379800,336100,324900,250500,261800,256600,254100,247700,294300,366600,270800,240400
60계치킨,37.51,62.48,40~49세,0.12,4.36,5.87,7.45,21.77,37.43,22.96,222000,337200,386100,300000,353700,284500,258500,232900,236800,225400,189830,210500,289500,367700,291600,300300,325400,261900,290100,303700,369600,358400,324600,322300,292500,383100,379500,324300,316700,273700,294800,311300,327500,310900,282500,273500,254400,315700,290700,272400,320800,252900,265300,247600,292100,320400,255600,254900
떡볶이,30.96,69.03,,0.33,8.37,9.63,10.14,25.27,33.91,12.32,371600,390900,378700,373700,399300,361000,340600,366200,374500,389400,342200,372300,360400,363600,375600,338100,367700,333900,343800,304900,326300,331000,321000,335700,306900,313300,339900,295900,311300,304100,303400,286500,313800,306700,302500,299900,282200,270500,275100,231200,243400,233500,258200,231000,227200,238700,218900,257700
배달의민족,42.36,57.63,,0.38,4.84,6.2,8.86,22.63,29.13,27.92,326200,382800,356600,316000,361700,320400,277200,266700,296300,275600,292300,265600,304000,287900,272800,231500,264500,245900,272500,223700,250700,239500,211700,212900,219200,262500,250400,213100,237700,237900,251700,266800,334700,268300,240600,247600,236600,209700,230800,235200,243100,251500,342700,242900,270300,233400,209000,218600
삼겹살,49.69,50.3,,0.09,4.21,10.28,13.44,31.07,28.91,11.96,229900,208600,208400,210600,315300,275400,319400,283800,282700,294300,255000,267400,229300,243700,252000,255600,343200,261500,273200,249900,260900,254700,248200,251300,232200,233900,244600,266000,302500,271300,272900,248300,246800,245900,228500,247700,233500,213400,230100,221700,266400,227400,232600,227100,237700,238100,222200,243600
피자,46.03,53.96,,0.24,6.86,9.05,10.39,24.22,32.07,17.14,244500,277900,258100,253200,265300,245100,262000,270700,282100,286600,232000,260400,261600,274100,259800,242300,249200,253800,276300,262700,270800,275700,238500,243400,245700,265400,239900,242300,233300,240200,261400,250100,312200,256000,240000,231300,229500,247100,242800,198400,211900,212600,254500,228400,238800,249200,221100,227300
이재모 피자,34.65,65.34,,0.08,5.84,10.08,15.34,30.44,26.82,11.37,20340,26550,25690,21170,16730,21470,32490,43200,63170,105150,53080,72430,60360,83400,97830,94370,74940,73690,83870,94080,128320,174500,152200,143200,126000,210100,228700,219900,152500,170100,188200,179500,220200,256100,154700,91180,151800,204600,278800,240000,185700,154800,194200,188000,240100,319100,214800,292900
bbq,51.51,48.48,,0.17,10.44,14.98,15.24,26.8,23.96,8.37,232300,288900,255300,317900,355900,308800,259900,229800,261700,292700,215700,214000,290700,254400,233400,198700,206300,213400,228500,216500,245600,253100,232300,265300,254100,304800,296300,271700,270300,250600,283300,232900,237800,215900,308300,213400,179600,194400,239200,181700,199800,165000,461300,202500,228600,211800,192900,201100
돈까스,44.43,55.56,,0.09,6.81,10.33,12.42,31.22,29.44,9.65,178150,166300,190800,175950,200000,200500,219900,205020,215300,216500,187500,218700,201000,205200,239300,250200,260600,220900,262800,244200,242500,268900,255700,268100,227100,238800,260000,234100,251300,237900,235500,225700,244800,241600,225800,224000,201100,211200,224400,206100,222900,201300,210400,217400,221400,225500,205800,215900
쿠팡이츠 사장님,55.64,44.35,,0,0.13,2.26,9.67,39.31,28.31,20.3,35230,36740,54420,36040,36300,35680,34560,29330,42720,35170,29880,30980,32160,37900,46840,31030,38440,38320,39560,42360,61250,59540,60190,62500,61800,73470,90900,72530,88590,95600,110600,96600,120700,112500,108640,112300,162700,216700,242500,220900,226200,223000,221000,214400,229600,184700,203200,206200
국밥,54.49,45.5,,0.07,8.54,15.24,16.82,30.24,23.04,6.03,165720,150050,146810,127070,154570,162300,180750,181940,179580,202880,192820,227270,185920,201590,217070,177020,195100,196380,210030,189610,188110,213190,215290,233300,217420,222310,231980,200560,213940,213980,209550,214000,203490,215090,219260,229360,214150,221980,230700,195610,206060,182050,206660,187380,192720,212510,203290,239690
맛있는집,34.51,65.48,50세 이상,0.04,3.18,5.19,8.06,17.3,31.6,34.6,167540,167670,167300,137040,137340,167500,203790,167420,203830,203980,167900,204470,204380,205720,204220,204260,204650,204650,204510,204140,250080,249680,204770,204740,204320,249240,249180,248840,249410,453090,304110,305500,305600,306880,249310,249250,248850,204270,204130,204330,204770,203820,203590,167380,203640,203910,167500,203580
bbq 치킨,43.11,56.88,40~49세,0.09,4.81,7.18,8.47,18.9,37.07,23.44,209200,277500,243700,295500,326300,276800,242900,217600,260300,245400,187490,202800,287500,257200,220620,191700,186230,188630,217670,200990,227700,227800,197950,232600,227600,275300,269500,235700,226100,205600,230700,197740,216600,204480,268700,196600,179340,203900,233900,174290,190440,154700,310100,166830,216100,208000,174100,176630
맛있는 국밥집,49.07,50.92,50세 이상,0,5.55,4.62,12.96,12.03,27.77,37.03,165052,165053,165062,135063,135052,165059,201033,165041,201032,201075,165070,201105,201061,201075,201056,201061,201063,201064,201032,201042,246056,246077,201054,201062,201076,246078,246068,246055,246064,450066,301063,301077,301076,301060,246072,246068,246064,201074,201070,201075,201079,201140,201108,165069,201104,201114,165084,201140
맛있는 삼겹살집,30,70,50세 이상,0,7.5,7.5,7.5,17.5,30,30,165032,165034,165032,135040,135051,165062,201066,165044,201043,201057,165043,201036,201020,201041,201043,201043,201056,201039,201046,201024,246046,246046,201013,201035,201047,246035,246046,246047,246055,450033,301022,301025,301022,301037,246022,246025,246033,201033,201033,201037,201033,201044,201040,165044,201044,201054,165075,201048
맛있는 곱창집,,,,,,,,,,,165033,165040,165020,135042,135044,165043,201032,165021,201033,201041,165021,201054,201042,201030,201032,201022,201011,201021,201031,201011,246042,246021,201022,201022,201033,246012,246032,246024,246022,450031,301010,301011,301010,301033,246022,246021,246010,201033,201010,201030,201015,201022,201021,165042,201024,201031,165041,201021
부대찌개,44.85,55.14,,0.05,4.95,8.93,11.82,26.88,32.66,14.68,209100,209300,212160,184790,217070,191060,198540,203320,210200,225700,209200,238200,218500,232300,236600,215500,228100,209600,215120,237600,216300,218700,212800,241000,212800,234500,239100,207100,229700,203600,208300,192240,199100,228400,211300,219300,221200,209200,215700,191500,204700,171100,194600,178900,181500,193700,194000,210700
닭갈비,37.89,62.1,,0.08,6.49,9.5,10.93,24.54,32.09,16.33,176400,172100,184980,174160,191300,185500,212000,205300,228200,228600,219200,267200,239600,220400,225500,239200,245400,220200,242500,227100,229400,231500,213200,230700,197800,205140,215400,201200,220700,218100,232200,235400,233000,240900,201400,205300,179700,179700,189120,187790,200800,177200,199200,201400,200200,210600,173800,191930
프랭크버거,42.06,57.93,,0.11,9.42,12.7,13.38,25.82,26.01,12.52,138200,158600,194600,194600,233900,256100,270800,280100,342600,363200,306200,310700,272800,262300,279400,378400,390000,302400,307900,324100,298800,271700,239000,239100,211900,261800,287500,262000,248200,231400,273900,204500,209600,214300,230300,201200,200600,206600,192400,162900,174200,198300,224000,216700,185600,184900,170000,161100
던킨 도너츠,27.72,72.27,,0.15,11.06,11.6,10.33,22.45,31.03,13.35,216000,273100,235800,226100,215200,250800,288700,275000,268700,250100,240900,225600,183900,252500,217500,186510,204500,191200,228600,200500,191900,192100,179200,173090,181100,236400,184200,171350,160600,160100,165100,198500,171500,176700,176600,275500,207200,227000,200500,174300,164600,179500,175200,164300,157600,191400,158900,216200
노랑통닭,49.45,50.54,,0.08,5.37,7.76,9.05,23.36,34.91,19.44,265700,271500,219000,208100,233600,281600,288800,257300,246400,244000,193260,193920,243800,204100,188390,162020,181700,172660,256100,227800,207500,188100,162650,170770,162900,195000,225700,212400,191000,172200,177400,185300,180800,169860,151840,179900,187500,172600,169490,153380,167710,209800,200100,193500,189000,164330,181500,203300
햄버거,50.98,49.01,,0.31,7.71,12.36,12.64,25.94,28.53,12.48,158400,153020,158600,141910,172040,169340,177730,174680,186860,192680,160500,168800,159600,144530,160940,156790,183400,174200,188800,193700,185900,180400,167690,169110,169300,159670,165900,166560,169400,196300,237500,194800,217000,191100,188500,201500,165100,155400,169640,151250,179100,177000,223100,200500,184700,186400,183900,177870
크리스피 도넛,28.51,71.48,,0.09,10.89,15.42,12.74,24.16,26.95,9.73,173050,205700,242400,220200,207600,175020,173780,166680,172240,178730,165830,189090,181100,245300,214870,202900,315900,257100,164990,151860,194110,248500,211900,195320,178600,197100,188300,195000,188400,179700,190500,161130,155200,161680,155400,169070,145590,289000,151010,161800,196600,159900,173100,182500,176900,194900,165700,150940
쿠팡이츠,43.58,56.41,,0.16,2.97,4.69,8.22,24.87,31.02,28.03,271300,315300,319000,214500,203400,176500,134600,105600,115600,93800,103300,95500,104800,109000,109800,82800,82200,76400,80200,84400,104900,105000,100000,115300,110900,128400,161800,112800,277300,213800,176700,167300,210000,200300,180500,180100,182200,185300,196100,191400,185300,185600,163100,167000,186600,167300,159900,163900
신전떡볶이,26.77,73.22,,0.29,14.22,13.31,12.42,22.27,26.79,10.66,245800,281200,326700,311800,311900,259600,283700,267100,280200,283900,254400,256700,246600,239800,259400,223800,230800,220700,242700,218600,229400,247000,225500,225400,190900,193100,219100,215300,199000,196800,208500,190000,194300,196000,196700,190100,172800,170600,175600,154820,165380,177400,165060,156550,162600,172660,161900,209500
맘스터치 메뉴,41.7,58.29,,0.23,8.08,10.35,11.04,21.54,28.71,20.01,235400,255800,253800,218500,254700,227200,231300,227600,255900,263100,213100,204200,244200,210900,200700,192800,215300,208800,196100,178700,176000,174700,155200,163900,159900,164800,157900,142800,157500,172400,166900,156600,162300,169000,161100,167200,147900,150300,150700,160000,177000,182900,173500,162000,179200,173200,164900,163300
배달의민족 사장님,47.4,52.59,,0.02,0.22,2.5,10.06,40.22,29.45,17.51,72970,73380,89670,71790,71320,71920,71440,61770,74390,75090,75200,76210,77130,77040,96910,64710,79430,78020,77210,66830,81950,66330,65390,65910,80160,92670,96840,75890,77080,55450,55470,63510,80630,73720,73610,86970,126000,142500,179900,161600,156700,150200,137300,146700,213400,170200,166100,168500
스텔라 떡볶이,28.42,71.57,40~49세,0.53,6.27,5.16,6.66,23.25,40.48,17.62,2230,1380,8930,8390,17030,20810,32320,42020,52250,48940,38110,51230,56590,73700,61010,56160,72030,87250,101720,101290,101440,169840,171450,158690,235990,171120,230830,211010,228980,173760,196670,162750,191560,192810,159300,324100,189700,196250,238220,193420,191470,174380,145510,101930,129480,134860,97280,93590
롯데리아 메뉴,40.08,59.91,,0.31,6.69,9.4,11.69,26.43,27.1,18.34,154100,186200,187800,182600,212000,181700,185900,183400,226200,218900,181600,166400,144000,150500,159600,162900,155100,154700,166300,159900,172000,177700,156400,143300,131700,149800,145500,139300,141300,141200,142900,154000,166100,172300,156900,156500,133000,144400,171100,135500,148500,152000,168000,160600,173200,194200,157200,146200
족발,54.65,45.34,,0.09,4.71,8.89,10.4,23.32,33.75,18.81,164120,182950,179500,175570,188740,174100,195810,205970,220640,214160,157490,185310,168220,199790,189000,178880,191130,188470,223850,213450,205440,207200,172180,182330,182700,216200,219400,187330,187200,170900,183700,185100,200200,197400,160820,156020,149520,152360,166900,135760,151420,145420,147830,158050,175300,174790,145380,146650
치킨 먹방,31.45,68.54,12세 이하,9.67,15.32,10.48,7.25,16.93,29.03,11.29,301320,368360,368280,368260,368340,301300,301290,301260,301290,368250,246230,246280,201280,201240,246330,201250,201230,165290,165330,165280,165290,165290,135240,135260,110280,135270,135280,110280,110270,135290,110320,90750,110310,135230,110260,165280,165280,165340,201310,165300,135270,135270,135300,165280,165280,135340,135380,135390
노모어피자,35.67,64.32,,0.07,6.57,11.13,13.06,25.86,28.24,15.03,,,,,,,,,,,,,,26150,18680,13450,25780,48460,59910,51230,66160,64470,158500,228900,133700,190000,140300,130900,121100,219600,384200,270800,190800,274200,172600,189300,140300,143800,141100,124400,119200,107900,169000,220800,246600,167800,110000,120800
자담치킨,42.73,57.26,,0.09,4.21,7.35,10.41,26.58,32.84,18.48,188200,246700,251900,235000,223800,176400,176900,180600,191000,182900,154070,150190,190600,164200,161260,145770,161900,167400,155200,191400,184800,185400,136680,151140,127550,157530,165100,135740,149400,111460,112870,130710,162700,145360,139870,132390,121240,146300,154290,129230,137900,201800,133470,157300,157100,146410,105620,133970
버거킹 메뉴,39.75,60.24,,0.21,6.46,9.31,12.52,27.28,24.7,19.48,160700,189800,231100,216600,233700,196900,197500,186500,209300,220400,188800,173700,153700,171200,189600,173300,175000,170800,171800,168000,178200,171500,145400,136900,124800,149900,145900,145200,141000,162900,153500,144500,153000,167300,150000,150600,131600,144500,149700,125600,130300,125800,141300,145600,155000,157100,138100,136900
짜장면,43.94,56.05,,0.31,11.93,13.41,11.18,22.9,26.82,13.41,127440,143560,148280,148840,152740,138840,141540,157460,145760,146480,142550,151650,128620,128730,141990,152100,152540,161210,139870,143700,162230,143040,154500,155870,135030,148450,150860,154500,155750,151450,153610,169880,168760,167370,140190,148460,144860,157700,149990,130910,132730,144690,147950,144730,128640,133210,121740,133760
콩나물국밥,40.22,59.77,40~49세,0.04,5.07,6.97,7.76,20.54,36.7,22.89,144710,112650,125690,103380,116520,105870,113690,114320,113250,127670,119600,151490,131520,154520,162390,132220,129060,131550,130980,111310,115240,128080,141340,155860,136430,147220,154650,131650,132080,121510,123220,111390,111660,132320,139480,145630,131310,140340,168060,127000,130420,119270,130250,127400,124720,145960,131170,168980
푸라닭,41.49,58.5,,0.11,8.5,11.89,12.74,27.62,26.83,12.28,302400,416100,332600,307600,307200,238200,234300,250700,287600,307300,243100,229900,300900,303400,228300,190700,199800,178900,191600,182600,181300,164400,171600,234000,166900,188200,170100,195500,183900,131400,126500,134300,159500,153600,131160,121990,116860,129300,156300,144900,135800,99810,144300,154200,137100,151100,97950,117200
la갈비,34.37,65.62,50세 이상,0.03,1.12,2.86,7.42,24.07,30.38,34.08,63690,83830,431600,109500,77920,75540,65600,56760,82740,261500,374200,74580,73230,113470,549800,90560,75690,73740,86590,69410,72900,89430,455400,116700,63270,85950,214800,297100,74120,59010,56660,50840,63940,134800,417600,62330,58380,120500,457100,79540,61270,54930,49650,47540,57010,70060,291200,191500
홍익돈까스,38.06,61.93,,0.13,6.4,7.91,10.02,24.73,31.89,18.88,105730,108060,124270,120580,133210,140440,157730,151600,165820,181590,158470,163650,136840,144430,169290,170440,169650,163370,172540,152740,153950,173510,161570,168690,135580,154400,162430,154650,152230,132790,137140,128570,137060,155720,140560,127780,106930,127730,149420,130300,129530,110550,122560,119100,127470,142510,117430,137910
자 담 치킨,42.73,57.26,,0.09,4.21,7.35,10.41,26.58,32.84,18.48,173410,228610,229710,212810,205710,161610,162110,165810,176210,168130,141970,138100,178510,152110,149170,133680,149810,152610,143110,173310,170010,167310,124590,139040,115460,142730,150310,123650,134610,99360,100770,115910,144610,130570,125070,117600,106450,128200,136190,111130,119810,168710,118680,135100,139010,131620,95730,119180
갈비탕,43.5,56.49,,0.04,2.49,5.5,8.69,24.9,34.56,23.78,118400,125080,137230,113380,130860,111290,112420,114660,129240,153510,136380,159410,137930,169670,183560,132870,137440,132920,131890,121960,131350,139450,145680,134180,148290,149180,152670,135440,131470,119560,117500,111930,139830,144700,147830,136220,121930,127660,153670,109440,113630,108180,121020,109530,125540,131250,130000,144170
양꼬치,45.24,54.75,,0.03,5.94,14.99,15.55,29.24,25.24,8.99,102520,92950,102680,86990,97640,116410,132480,127880,131130,123020,118860,128420,113530,120090,133760,121150,133760,125140,136470,118470,122050,123940,121830,119980,102480,108980,111190,108270,118110,130170,123750,114010,115320,116590,123680,117910,111270,116990,126960,114460,124590,114290,135560,124420,130480,135950,118840,131990
곱창,40.31,59.68,,0.1,8.1,13.74,14.66,27.54,26.21,9.61,169800,185900,175430,165200,200800,169600,186300,191890,196620,208300,186220,239700,227100,190820,188410,157030,157110,148970,152850,141600,162580,165800,150300,144620,132530,138710,144590,140390,144300,150280,148920,138230,137620,131300,120550,122650,109310,112010,126300,122290,125270,120690,127730,119430,117820,124490,112290,117920
콩 나 물 국밥,40.22,59.77,40~49세,0.04,5.07,6.97,7.76,20.54,36.7,22.89,122510,94550,103490,85280,98420,91070,98890,99520,98450,112870,107500,136690,116720,136420,147590,117420,114260,116750,116180,99210,103140,113280,123240,137760,118330,129120,132450,113550,113980,106710,105120,96590,96860,114220,124680,127530,113210,122240,145860,108900,112320,101170,112150,109300,109920,127860,113070,150880
돼지갈비,44.31,55.68,40~49세,0.04,1.45,3.85,7.39,26.65,36.72,23.85,94170,97160,136940,92090,115850,124490,148070,123590,153680,163420,133550,122350,118100,140010,169410,129970,139600,127630,131890,113950,123820,137450,160150,109750,105050,120160,144580,155180,125420,112030,124850,113180,122390,132210,139750,105390,96700,107150,143730,97380,117810,106660,117820,110040,116280,128970,120210,115730
엽떡 먹방,15.15,84.84,12세 이하,21.21,18.18,12.12,16.66,15.15,16.66,0,135068,201050,301080,301080,246070,201090,201060,201060,246080,301090,201080,201100,165120,165090,201090,135100,135120,135090,135110,110100,110100,60580,110090,74080,27210,33170,33190,27200,27180,33190,33190,33170,74110,90620,74100,110110,110170,110120,135120,110190,110160,110150,110170,110180,135180,135170,90690,74160
땅스 부대찌개,41.32,58.67,40~49세,0.05,2.5,4.78,8.67,27.57,40.16,16.23,86320,95560,98840,90830,98870,82600,83480,89520,93010,105600,85390,97030,88010,92290,94360,80110,92080,96350,97910,106390,103540,103250,92830,96880,89780,92070,94850,87910,84820,83620,88670,84950,129260,104830,97150,99960,88370,92520,93810,79510,126500,114340,118910,107030,137980,142320,109270,128610
돼지갈비찜,19.17,80.82,50세 이상,0,0.3,1.07,3.26,16.83,28.31,50.19,127180,147290,297000,131070,141220,129040,118290,115750,118350,139080,220910,123910,105130,131250,238230,96650,107150,115220,112280,95000,102120,114710,214420,90290,89990,113360,139890,195270,97540,86460,85700,91080,116140,121660,187260,84970,95570,109660,227810,78880,84410,77440,85200,83740,83390,87870,103440,134410
갈비찜,28.19,71.8,50세 이상,0.02,1.59,4.04,7.18,20.61,28.13,38.39,68260,74980,135510,68820,63230,66800,67680,59960,68920,92830,127660,106760,105370,121450,262400,92360,98010,93950,100700,90300,95870,105450,236400,99270,86500,102270,129880,195210,89750,79110,85620,77850,112220,123390,208000,82430,76300,87910,202740,74070,73720,72330,75570,72220,75330,83060,120520,146260
깐부치킨,58.61,41.38,,0.02,2.07,5.77,11.86,30.32,29.33,20.6,114320,83260,70870,53370,58150,60050,73080,74180,72660,64260,61690,59910,79560,63900,54830,52590,59810,61640,65400,64740,64080,61810,57120,61420,48800,54550,54850,49740,54060,48900,50220,51600,51500,54070,47480,45280,40430,42390,41070,39720,41700,42630,52760,52940,56130,51830,45230,628900
도미노피자 50% 할인,40.43,59.56,50세 이상,0.01,0.82,3.37,7.14,18.4,31.78,38.45,88540,222260,141800,215560,195990,149150,114340,102350,104720,156270,85350,78910,77030,124930,95370,74670,75250,94180,70070,75480,104560,88800,67340,119510,70690,110030,103060,79550,88050,74500,88570,93070,75980,88280,64900,105560,54730,65820,63160,49070,52210,63850,46860,48020,68520,224880,86110,49320
피자먹다,38.5,61.49,,0.23,11.43,10.44,11.7,26.33,28.97,10.86,1150,2950,2800,3040,5770,6810,7650,11500,14270,11810,11880,15440,15300,14500,11280,25080,35560,16720,18350,16730,14400,19040,19390,15630,16470,15090,15120,14610,16450,17850,18230,24160,19310,13650,12450,14210,11930,10480,11080,10540,10980,11000,10970,9970,9180,11160,334000,9980
기념일 계산기,32.9,67.09,"25~29세, 30~39세",0.02,1.45,8.23,24.71,45.73,14.96,4.87,93600,92900,103600,92400,99700,95800,96000,93300,91100,93600,94300,93200,86100,84000,92600,81700,86200,84900,85100,88400,89900,90200,82200,87200,80500,74500,85200,74500,80100,76500,76500,73200,74100,73700,73400,72100,65500,63400,67200,64300,69500,65300,66600,64700,65100,65400,64600,60800
숙취해소제,43.39,56.6,,0.04,7.86,12.06,15.42,25.78,23.48,15.34,51500,44840,52460,38130,43220,55330,65850,54960,52250,49620,65610,64610,66290,76060,77410,58190,69450,58450,55350,53490,52170,46920,47820,45290,48080,45840,71690,54320,59280,49230,54040,46370,48240,46420,44030,43570,46440,66390,69950,65510,67030,53740,46730,50540,44020,37840,34360,32040
음력 생일,28.65,71.34,30~39세,0.03,2.33,8.84,20.53,46.2,16.67,5.36,31870,39670,43860,34500,36910,33040,30470,32770,33030,39930,35650,48460,44430,50860,62680,50720,45580,45300,47370,63370,52750,50020,45040,51320,55030,58400,73900,61510,61010,52390,51310,50090,52680,66770,42110,43730,57280,56940,61920,51970,50440,44410,38940,39250,36850,33480,36990,40090
회식의달인,57.61,42.38,,0.03,4.94,11.48,12.62,26.6,29.5,14.8,5810,4660,4400,3930,5010,5920,7040,6760,7280,6290,5670,6480,7900,10770,8710,9780,10290,9090,8770,7330,7660,7520,8270,7690,10180,15860,23500,20540,18350,22110,24450,24760,30170,36690,33310,34670,53100,45540,38670,46700,49940,41860,41650,35580,44950,55010,43510,44920
생년월일 운세,43.14,56.85,50세 이상,0.01,1.09,1.55,6.22,22.16,19.74,49.2,35700,38830,38030,33650,35630,34190,34910,35040,35900,35990,33660,34230,34520,35680,34970,31020,33900,33410,34400,33170,32110,31060,29240,30830,31690,33150,39420,34820,92140,80080,91760,90350,91870,79720,78140,58070,62850,71140,90170,76570,31500,30920,30380,29780,30390,28230,28010,26940
김성근의 겨울방학,47.25,52.74,,0.57,5,4.61,15.39,39.46,24.06,10.87,,,,,,,,,,,,,,,,,,,,,,,,,,,,,0,0,0,0,0,0,0,0,19,30,120,257600,133360,50060,18470,14210,11340,15470,11990,6810
생일,32.4,67.59,,1.37,15.3,10.76,12.11,22.95,20.68,16.79,62230,66370,81490,72160,66000,105330,59140,55320,54350,63040,52950,55700,56190,64180,71080,66340,64930,59720,54130,53020,52590,53600,51710,51710,79630,58840,63650,52620,57960,53700,48770,66100,77030,50290,43530,48880,47290,45540,52330,43810,47920,43910,38470,37180,37770,37270,38130,36510
생일 축하 메시지,32.72,67.27,50세 이상,0.36,2.98,3.04,3.4,8.2,17.14,64.85,53030,58890,63440,57640,57600,56550,56740,51410,51430,51350,50540,49060,47520,52580,57820,52410,43250,39600,54330,48970,47910,48790,46930,49610,50020,53990,61920,54270,55850,49890,49070,45460,46710,48380,47480,49530,45970,48520,50990,50050,49850,43680,41890,38110,33670,29120,37150,34590
생일 축하 송,33.07,66.92,50세 이상,1.33,7.64,3.82,5.92,12.81,16.06,52.39,41810,50990,50740,41810,41790,41750,41710,41630,41730,34330,34330,41910,41810,41930,41880,41860,34480,34250,50670,41630,41640,41690,41550,50620,50650,50740,50620,50530,50630,50590,41760,41620,41490,41530,41590,50730,50710,50760,50660,50350,50530,41290,41380,33960,33810,27710,33870,33850
생일선물,30.75,69.24,,2.12,13.71,9.24,14.56,25.85,19.21,15.28,92330,102930,130800,116380,118140,99130,85240,83270,87450,98080,81200,84280,81270,84260,106950,83710,89210,79810,70050,67440,72770,74480,65230,62990,62430,63370,74160,67990,64170,57660,50930,51250,52660,53410,50440,46580,45740,46780,53450,51020,47880,40340,37270,36300,36670,35420,36670,31030
남자친구 생일선물,5.92,94.07,"20~24세, 25~29세",0.07,10.37,28.93,35.11,19.7,3.87,1.9,36710,38390,55340,45580,45050,37470,31520,35280,36990,37930,30730,49640,53140,55460,76960,62020,55330,50170,56780,55360,62740,62710,59510,53670,53020,48560,70030,56790,57590,49780,48390,49050,51390,49780,44270,43390,39030,33180,48430,40890,42120,32340,33690,30980,34870,35670,30990,25710
생일 상차림 메뉴,11.83,88.16,,0.01,0.45,3.69,11.24,26.89,29.88,27.81,67710,90390,93790,84420,72520,59360,54020,54080,55130,58340,48510,57080,52130,60000,59910,62630,43130,38310,47880,41980,37370,43840,38120,42220,43510,47730,57450,42430,46550,39150,41180,39700,40950,42970,34360,39470,34620,40070,40970,41180,40570,35000,32950,32460,27230,30250,35860,30310
여자친구 생일선물,76.04,23.95,"20~24세, 25~29세",0.13,12.33,27.34,30.3,21.37,5.5,3,34100,35670,47880,42140,42950,33750,38630,36180,38980,42390,39080,41270,38140,38610,57870,45720,53450,50010,49980,47710,48960,49450,45270,43750,38830,40680,52880,49440,49750,47390,41430,42700,44790,44240,42690,41950,33860,31480,44170,39290,38350,29440,31590,28590,32670,33490,29670,24500
약속의 네버랜드,33.85,66.14,13~19세,0.9,22.89,18.99,22.3,20.54,10.38,3.97,48000,51560,63760,53990,118270,102500,60190,50790,52310,85290,41520,36490,35830,37000,55690,44190,33650,32360,34230,28720,29250,27110,22700,21990,23580,27200,29240,27190,22100,21980,22880,23390,25780,28010,26460,24440,22720,27630,29670,29040,29330,29150,30500,41500,42890,38820,30680,33930
별자리 생일,21,78.99,13~19세,0.57,27.63,20.52,11.21,16.15,16.46,7.41,38230,42570,48880,33730,31650,30800,30150,35460,34430,36670,31980,37550,38450,34340,33180,26240,25530,34610,30810,28900,27150,28540,28110,30010,33320,37070,48200,34290,36100,33370,34730,31140,29370,32130,34150,35370,34790,26400,26860,22630,26220,27170,26710,34270,33660,41090,41090,36380
생일선물 추천,25.19,74.8,"12세 이하, 13~19세",4.04,19.18,13.05,16.59,16.37,15.04,15.7,36350,42360,52010,51900,51960,43240,35990,35180,35990,42890,36530,44570,45390,53610,75750,62730,50970,52540,45810,44310,45360,51510,45490,44800,44720,45770,55880,53150,52510,44670,37980,38580,40010,44060,36840,36770,31400,35880,43170,36930,38100,29170,27200,25370,28820,28650,26030,20810
생일 축하,39.18,60.81,50세 이상,0.34,8.33,6.17,7.5,16.39,21.98,39.25,39420,46730,49090,47530,47570,39650,39470,38180,33510,39440,41350,41900,41210,41010,46510,42630,41280,39940,41810,40750,40490,40830,40290,40710,40740,41250,43530,41620,43140,39980,40630,33790,34760,34450,34430,35870,34180,33560,34350,29670,34830,29160,28910,27910,27300,22500,26700,25850
생일상,15.29,84.7,,0.06,1.41,4.85,13.7,36.27,29.21,14.47,31190,37450,39710,37950,36760,31260,30740,29280,31930,34960,29260,35080,35930,38780,40970,37720,32090,29250,34980,33200,32110,37190,30000,31760,30260,31640,37190,32280,32600,27730,27060,27160,30510,31590,28500,30790,29790,30540,32260,31890,30530,24850,23490,22930,21960,21500,23840,21410
생일 축하 메세지,23.53,76.46,50세 이상,0.08,3.63,4.81,5.34,16.42,24.47,45.21,21150,23610,26310,22850,24870,22980,21770,21600,21610,22810,22190,28150,29650,31270,35090,32940,29830,28640,33540,31390,31490,30760,29530,33500,33690,34430,40100,35140,37500,36760,38580,34350,35880,32710,29270,32240,30310,30000,30760,29420,29600,26610,23310,21660,19840,18050,22210,19190
생일 축하 짤,16.24,83.75,"20~24세, 25~29세",1.12,17.71,23.55,24.42,22.46,5.21,5.5,28890,29100,37350,36860,37040,36500,35510,30610,35440,35820,31250,30940,30230,34440,35890,34920,30150,30030,29820,29590,29780,34510,30190,29840,28740,27830,34360,28630,28660,28420,27800,24430,25080,28900,28840,28690,24520,24600,29090,25700,28810,28340,23400,22690,22900,20380,20530,17350
생일상 차림 메뉴,11.83,88.16,,0.01,0.45,3.69,11.24,26.89,29.88,27.81,49610,63290,66690,57320,50320,41260,39220,39280,37030,40240,33710,38980,37330,41900,41810,40430,31030,26210,33080,27180,25270,29040,26020,27420,28710,32930,39350,27630,31750,27050,26380,24900,26150,28170,22260,24670,22520,25270,26170,26380,25770,22900,23050,22560,19130,20350,23760,20410
외식1번가,38.27,61.72,50세 이상,0.01,1.48,3.9,6.3,22.84,32.96,32.47,27220,25040,22580,17490,20320,32700,45440,30260,32410,32300,27810,26150,25750,37230,31230,24790,20780,23790,34040,20510,24290,25070,26290,22100,25590,38970,27730,28010,22130,22990,28810,19770,22730,24470,25730,18900,22140,31480,28890,19940,20040,20250,26810,18390,21710,22470,20310,23630
웃으면 안되는 생일파티,32.06,67.93,13~19세,1.52,22.13,15.26,11.45,21.37,22.9,5.34,,,,,,,,,,,,,,210,210,320,260,1000,14870,6630,3612,1611,390,905,720,480,390,390,320,903,3070,930,498,4800,1010,13680,16520,5810,3750,3940,18640,34750,41610,8450,15580,92810,15270,8290
약속,45.12,54.87,,0.34,7.59,8.38,11.17,20.38,27.78,24.33,43020,49460,43790,36280,43630,38610,39020,32800,32960,32830,32150,32650,28600,28600,29700,29540,40870,32660,33220,37300,27510,31280,28810,38040,39360,31270,30450,31380,26410,36700,28190,24000,24510,24050,24140,23760,21150,20600,22370,22830,26470,25290,21980,20730,21600,21580,19240,18300
음력 생일 계산,32.58,67.41,30~39세,0.04,2.91,11.07,22.8,41.74,15.2,6.2,32570,40800,48650,34980,34000,30710,28020,29750,28210,34600,28410,28600,22580,26790,32460,26100,22910,19650,22780,30110,24380,24410,22810,25180,25300,28760,36690,28680,27800,23640,23790,23040,24150,33710,12560,12620,17490,24350,31530,25070,23150,20200,17360,18130,19220,19220,23560,22110
숙취,40.6,59.39,,0.07,13.15,16.16,16.16,27.52,17.89,9.01,28940,29110,34230,24920,27570,29720,34310,29150,28270,27830,28360,26660,26630,30360,40760,29940,28480,25580,27920,25780,25880,25360,26120,22890,23950,28830,33070,25580,25620,23250,27620,24290,23340,23500,21970,20310,20520,23540,28270,21740,22210,18110,22820,18410,20770,20820,16130,16010
생일 케이크,32.58,67.41,,0.4,7.77,12.56,16.15,27.01,19.17,16.89,22110,24960,24940,24120,24790,21650,21230,20980,21180,22670,22040,23710,23540,25210,26510,23060,22740,20540,22930,20340,22010,22990,21930,22770,22890,23190,25910,21640,23160,22170,21770,21400,22360,23920,22560,23430,21660,22900,23180,23910,23600,19580,18720,17880,17310,18150,21050,19770
백년의 약속,26.72,73.27,50세 이상,0,0.55,1.17,4.84,15.1,25.17,53.14,13960,14020,11340,9380,12020,13840,11840,11830,16930,11610,11510,12140,18820,18830,11970,11680,58680,33080,40090,32030,30670,25690,25550,25290,20680,25030,20260,20750,20110,20280,20520,20140,16780,14190,14440,14490,14170,32340,21100,17240,17130,26040,20830,17120,17060,17190,18910,21930
숙취 해소법,33.16,66.83,20~24세,0.05,10.73,23.76,16.88,22.4,16.88,9.28,38710,32910,39070,27550,32430,38310,40470,34200,33870,33260,33770,28980,26480,29670,36760,28470,27370,26220,27840,25400,26290,25810,25920,24360,23420,34310,31630,25620,25710,22320,26480,24470,22980,23500,23040,21410,22100,24460,26350,20010,21270,17600,20180,18170,16350,16430,14300,14610
스타벅스 생일쿠폰,26.63,73.36,,0,3.4,8.57,14.68,33.7,30.12,9.51,11230,12070,15970,14970,13600,11920,11830,11450,11350,11690,12380,13380,12680,13760,17660,19600,17700,15460,15480,14370,15420,14780,15360,16000,14310,16090,19340,18030,16990,18530,17690,16650,17600,18590,18770,18920,17210,17300,23030,22670,22930,19440,18700,16360,17140,17590,18620,18700
숙취 해소 법,33.16,66.83,20~24세,0.05,10.73,23.76,16.88,22.4,16.88,9.28,37830,32030,38190,26960,31840,37720,39880,33720,33390,32870,33380,28660,26160,29350,36280,28080,27050,25900,27520,25080,25970,25550,25530,24100,23030,33720,31040,25140,25120,21840,25760,23990,22590,23180,22780,21150,21840,24140,25870,19620,20680,17210,19700,17780,15960,16110,13980,14350
생일 상,15.29,84.7,,0.06,1.41,4.85,13.7,36.27,29.21,14.47,19200,22790,25050,23320,22100,19300,18780,19490,19970,23000,19530,25320,26140,28990,29010,27930,24100,21220,27020,25190,24100,27400,21990,23770,22270,23610,27400,22490,22770,19720,19050,19150,20720,21780,20490,22780,21760,22550,22450,22080,20740,16840,15460,14900,13930,13470,15850,13380
기념일,37.39,62.6,,0.33,14.73,19.1,20.25,27.16,10.47,7.94,25870,21280,22990,29360,35650,27790,35030,27050,23020,25350,33150,30750,28080,20720,22220,29040,36310,29560,32600,26410,22330,22040,19930,22880,22060,18240,20240,25040,29640,22830,29790,22290,20930,21870,19190,20980,20430,14780,15810,21460,23210,18180,22010,16710,14880,15580,14760,15310
결혼기념일 선물,55.93,44.06,,0.38,9.92,7.52,7.44,35.7,26.64,12.36,62520,44470,26770,31670,40910,47500,37020,18420,7150,12640,23180,47630,52560,35270,22410,22990,30410,41240,36810,19010,6640,10540,20750,41890,44050,25650,16830,19340,26380,34250,27860,15870,6920,10850,20090,40520,36820,18860,12630,16940,23000,23940,21890,9820,4560,7300,14660,19810
아웃백 생일쿠폰,28.75,71.24,30~39세,0.02,1.71,8.53,15.73,45.02,25.47,3.48,22060,26180,34930,24370,14420,11980,13030,13890,18010,20290,19160,20280,20520,25920,31800,29130,19410,15410,17080,15450,18280,19730,16220,16400,16290,19470,19060,15730,12760,10750,11690,11300,13880,14400,14480,15340,13220,17870,18710,17580,14270,12310,13920,13670,13800,16270,15660,17130
숙취 두통,34.34,65.65,,0,4.35,16.61,22.64,34.96,16.93,4.48,21690,19840,20390,16170,18050,22200,22650,20420,20760,19890,19540,21580,20760,24860,24050,18860,20200,20760,20480,19140,19310,18310,19600,19240,19260,25980,21090,18430,19580,18220,19960,18690,16970,16930,17430,16300,17400,18820,19070,14210,16260,14820,15710,14410,13470,13410,11840,12800
주말,41.96,58.03,,0.13,5.68,5.56,10.07,22.41,26.58,29.53,20680,19420,18650,19320,22640,24800,23270,21310,20320,23970,24650,24130,21670,20380,20400,23430,26310,24680,22650,23870,22940,19000,18680,17420,17180,16460,17030,14960,22020,19340,19350,21450,17080,16050,14410,15610,15500,14290,13780,13970,18060,17480,15270,15660,14420,13970,14860,13250
생일 축하해 짤,16.9,83.09,"13~19세, 20~24세",2.81,21.83,33.09,19.01,15.49,2.11,5.63,18270,18280,22550,22660,22670,22680,22590,18460,22540,22590,18430,18430,18340,22480,22528,22490,18370,18340,18320,18360,18390,22470,18390,18340,18330,18310,22430,18310,18310,18290,18300,15000,14990,18400,18330,18350,15020,14980,18340,15060,18330,18310,14980,15000,15010,12280,12300,10100
웃소 혼밥회식,11.53,88.46,"12세 이하, 13~19세",38.46,19.23,7.69,7.69,15.38,11.53,0,33142,33156,49603,40557,40550,40569,27164,27150,27163,33140,33150,27176,27152,22341,33160,27187,22260,22251,22242,18132,18145,9984,6710,8195,6681,8160,6694,4483,3651,4430,5422,5472,5442,3634,2941,4435,9941,18123,27171,18191,14844,14843,12203,12232,14853,14896,12173,9962
하나님의 약속,30.55,69.44,50세 이상,0.28,4.38,7.35,8.48,17.53,29.7,32.24,5540,6670,15200,10020,7660,7830,9500,9350,9450,7660,9340,9360,9400,9390,11800,9410,9520,9540,13550,13470,13380,11050,13410,13460,11190,11230,20250,13550,11220,13450,13450,13480,13260,13210,11100,13540,13480,13480,20370,16140,16080,13070,16200,13420,13320,13350,13230,13160
생일 짤,21.67,78.32,"13~19세, 20~24세",1.39,32.36,29.57,18.91,12.86,2.98,1.9,17730,18180,24240,23090,24120,23070,21880,20220,24120,25850,24680,24110,22900,21830,27660,22700,22410,21800,19490,19010,19620,20240,19270,19000,18160,17370,22060,18750,18700,18350,16740,15720,16100,17420,16560,15880,15540,15170,19280,16530,17750,14430,12500,11830,11950,13470,11970,12840
숙취 해소,41.1,58.89,,0.06,4.3,9.39,13.96,25,24.32,22.95,21440,19020,19790,17060,16870,20780,21740,18210,17960,26110,38790,38000,26620,23180,24800,20360,21460,18990,18310,17640,17670,17260,17290,16120,16800,25380,20450,16120,16620,14160,16690,16020,15230,15130,15090,13360,15460,18170,17350,15420,14780,12420,12660,12670,12930,11810,11730,10590
생일 파티,13.92,86.07,,0.39,4.33,5.15,11.11,38.87,30.89,9.22,19950,18710,22440,22000,23100,20290,19840,20320,19570,20390,17720,19140,19960,17080,21410,19200,20870,17670,18020,16380,16060,16140,15080,15530,15110,13340,16080,12900,15640,15070,13660,15140,16700,18680,13400,14790,20410,13520,16850,16100,15300,13320,11890,10890,10940,15650,9880,8470
결혼기념일,32.63,67.36,30~39세,0.15,3.43,3.23,8.49,43.88,26.98,13.79,30900,23810,16980,17860,22550,25570,24050,16730,10130,14350,18980,33870,32500,23890,17820,16160,21480,26980,22970,15540,7510,9740,15310,28570,28600,20720,15680,15020,19810,22330,21290,13830,9060,10600,15490,26170,25140,16980,11650,12270,15360,15140,15210,9200,5660,7390,10750,15150
회식,45.44,54.55,,0.25,6.81,10.2,15.54,28.82,24.31,14.03,20000,15600,9860,8550,12290,22760,23050,19310,19110,16950,15450,17500,18200,23180,16390,15840,19240,18070,17400,16380,16380,14050,12900,12950,16000,20040,15920,13300,15350,14870,15460,14950,16680,14710,13150,13470,16000,20700,13460,13250,12970,11710,11240,11380,13130,11640,11690,9350
생일 축하 이미지,32.42,67.57,50세 이상,0.23,0.73,1.83,3.2,9.3,19.8,64.87,13820,19500,25390,24490,22610,18810,13910,12890,14600,13800,11400,10950,9430,11340,13330,13420,11720,11250,14850,13080,12550,13410,12290,14890,16210,18510,23350,19420,19670,15580,14620,12840,13520,12620,12900,14130,12530,13090,14810,13560,15540,13310,12740,11780,10860,9280,12150,12070
치팅데이,43.7,56.29,,0.31,7.16,12.01,12.01,26.24,25.57,16.68,23720,21560,29910,27570,28210,26660,26640,26340,27750,26050,20930,20010,18030,14240,22600,29350,26780,25800,26150,25980,28500,25760,22310,16890,17060,13420,20000,16470,21160,22160,22910,24700,21060,18960,14570,15560,15150,10580,12090,12960,14420,13550,12870,12490,14180,12560,11510,9050
계모임,44.55,55.44,,0.4,10.02,12.66,19.63,31.03,19.21,7.01,9790,10500,10390,8580,8950,9680,10250,13220,11820,13630,11030,11480,16280,16840,19620,18010,16410,16400,18410,15870,16550,16540,14600,16650,15950,19730,22540,17080,13840,12580,12580,14200,13170,12010,10940,10650,9660,9650,12740,12270,11030,10280,11080,12430,13290,12930,9160,9150
생일 이벤트,28.67,71.32,50세 이상,0.01,1.3,3.32,7.26,20.17,28.15,39.77,10440,9870,11540,10760,11690,11650,11400,11520,12330,15900,14360,15440,16000,15980,19140,16900,15440,13320,14760,15010,14960,15070,13110,15490,15870,13800,17740,14160,15490,13310,13070,13450,13670,14140,11190,11680,14730,12250,14220,11830,10430,8380,7420,6910,7890,10840,11780,10870
